{
  "parent": "block/cube",
  "textures": {
    "particle": "rainbowrevamped:blocks/rainbow_crafting_table_front",
    "down": "rainbowrevamped:blocks/rainbow_planks",
    "up": "rainbowrevamped:blocks/rainbow_crafting_table_top",
    "north": "rainbowrevamped:blocks/rainbow_crafting_table_front",
    "east": "rainbowrevamped:blocks/rainbow_crafting_table_side",
    "south": "rainbowrevamped:blocks/rainbow_crafting_table_side",
    "west": "rainbowrevamped:blocks/rainbow_crafting_table_front"
  }
}